{
 "caesar_salad_1253839.jpg": {
  "detection_boxes": [
   [
    0.10089528560638428,
    0.06676578521728516,
    0.9234257340431213,
    0.9269326329231262
   ],
   [
    0.10488889366388321,
    0.11855754256248474,
    0.8896210789680481,
    0.8613952398300171
   ],
   [
    0.1044880673289299,
    0.41549599170684814,
    0.9305131435394287,
    0.9358301162719727
   ],
   [
    0.19301500916481018,
    0.24794034659862518,
    0.24843575060367584,
    0.298128604888916
   ]
  ],
  "detection_scores": [
   0.8653038740158081,
   0.5304539799690247,
   0.16104546189308167,
   0.08354160934686661
  ],
  "detection_class_entities": [
   "Salad",
   "Food",
   "Salad",
   "Vegetable"
  ],
  "image_size": [
   512,
   512
  ]
 },
 "caesar_salad_2758969.jpg": {
  "detection_boxes": [
   [
    0.04366206005215645,
    0.04451029747724533,
    0.9982749819755554,
    0.9821902513504028
   ],
   [
    0.03580312058329582,
    0.1562071591615677,
    0.9875261783599854,
    1.0
   ],
   [
    0.11521723866462708,
    0.008800074458122253,
    0.9744037389755249,
    0.6802271604537964
   ],
   [
    0.6783993244171143,
    0.5475768446922302,
    0.9396064281463623,
    0.760137140750885
   ],
   [
    0.1190294697880745,
    0.2571745812892914,
    0.8352493643760681,
    0.992840588092804
   ]
  ],
  "detection_scores": [
   0.9186860918998718,
   0.17918775975704193,
   0.1482202261686325,
   0.09461858868598938,
   0.08586376905441284
  ],
  "detection_class_entities": [
   "Salad",
   "Food",
   "Salad",
   "Vegetable",
   "Vegetable"
  ],
  "image_size": [
   512,
   512
  ]
 },
 "cheesecake_2174447.jpg": {
  "detection_boxes": [
   [
    0.0,
    0.40107136964797974,
    0.43521252274513245,
    0.7566238641738892
   ],
   [
    0.0025231933686882257,
    0.6558215618133545,
    0.26910600066185,
    0.8985550999641418
   ],
   [
    0.0,
    0.30488312244415283,
    0.7340136170387268,
    0.9926602244377136
   ],
   [
    0.0336129255592823,
    0.18467696011066437,
    0.3168164789676666,
    0.39916789531707764
   ],
   [
    0.7389979958534241,
    0.3659496009349823,
    0.9881323575973511,
    1.0
   ]
  ],
  "detection_scores": [
   0.927336573600769,
   0.7167273163795471,
   0.5521680116653442,
   0.5029539465904236,
   0.4868229627609253
  ],
  "detection_class_entities": [
   "Human face",
   "Flower",
   "Person",
   "Flower",
   "Food"
  ],
  "image_size": [
   512,
   512
  ]
 },
 "carrot_cake_3270649.jpg": {
  "detection_boxes": [
   [
    0.6650410294532776,
    0.006352545693516731,
    0.9881134033203125,
    0.1841379553079605
   ],
   [
    0.09588328748941422,
    0.044993337243795395,
    0.7676217555999756,
    0.9818487763404846
   ],
   [
    0.07741779088973999,
    0.07687413692474365,
    0.8011589050292969,
    0.9796407222747803
   ],
   [
    0.8157686591148376,
    0.10184865444898605,
    0.9709393978118896,
    0.405141144990921
   ],
   [
    0.10536269843578339,
    0.05825765058398247,
    0.8031092882156372,
    0.9374962449073792
   ]
  ],
  "detection_scores": [
   0.4860784113407135,
   0.4534815549850464,
   0.40324142575263977,
   0.36475494503974915,
   0.30884963274002075
  ],
  "detection_class_entities": [
   "Food",
   "Food",
   "Cake",
   "Food",
   "Baked goods"
  ],
  "image_size": [
   512,
   512
  ]
 }
}