{
 "caesar_salad_1253839.jpg": {
  "detection_boxes": [
   [
    0.09615325927734375,
    0.07243674993515015,
    0.915873646736145,
    0.857691764831543
   ],
   [
    0.07536917924880981,
    0.09997004270553589,
    0.879629909992218,
    0.8034135699272156
   ],
   [
    0.5705109238624573,
    0.7066091895103455,
    0.6264789700508118,
    0.7532560229301453
   ],
   [
    0.1543342024087906,
    0.2712458372116089,
    0.4112582802772522,
    0.44837236404418945
   ]
  ],
  "detection_scores": [
   0.5940361022949219,
   0.35676631331443787,
   0.07620183378458023,
   0.07537015527486801
  ],
  "detection_class_entities": [
   "Salad",
   "Food",
   "Flower",
   "Broccoli"
  ],
  "image_size": [
   512,
   512
  ]
 },
 "caesar_salad_2758969.jpg": {
  "detection_boxes": [
   [
    0.09869903326034546,
    0.0028812289237976074,
    0.9969468712806702,
    0.9942719340324402
   ],
   [
    0.08308359980583191,
    0.00025895237922668457,
    0.9937647581100464,
    0.9911655187606812
   ],
   [
    0.12823402881622314,
    0.5208896398544312,
    0.17093408107757568,
    0.5835253000259399
   ],
   [
    0.12861484289169312,
    0.5581247210502625,
    0.16780677437782288,
    0.646813690662384
   ],
   [
    0.3195258677005768,
    0.8496213555335999,
    0.5895683765411377,
    0.9991268515586853
   ]
  ],
  "detection_scores": [
   0.25240442156791687,
   0.24555808305740356,
   0.10278820246458054,
   0.08671573549509048,
   0.0737842246890068
  ],
  "detection_class_entities": [
   "Food",
   "Salad",
   "Flower",
   "Flower",
   "Clothing"
  ],
  "image_size": [
   512,
   512
  ]
 },
 "cheesecake_2174447.jpg": {
  "detection_boxes": [
   [
    0.01454317569732666,
    0.3965670168399811,
    0.41850903630256653,
    0.756595253944397
   ],
   [
    0.7451403737068176,
    0.21284866333007812,
    1.0,
    1.0
   ],
   [
    0.004820145666599274,
    0.6573359966278076,
    0.24549362063407898,
    0.8946126699447632
   ],
   [
    0.10177545994520187,
    0.47729772329330444,
    0.17588701844215393,
    0.6225072741508484
   ],
   [
    0.03638821840286255,
    0.0431647002696991,
    0.8841872215270996,
    0.9763174057006836
   ]
  ],
  "detection_scores": [
   0.8096829652786255,
   0.20547670125961304,
   0.18081268668174744,
   0.15182262659072876,
   0.13225199282169342
  ],
  "detection_class_entities": [
   "Human face",
   "Food",
   "Rose",
   "Human eye",
   "Person"
  ],
  "image_size": [
   512,
   512
  ]
 },
 "carrot_cake_3270649.jpg": {
  "detection_boxes": [
   [
    0.12527331709861755,
    0.05981835722923279,
    0.7981570959091187,
    0.9672460556030273
   ],
   [
    0.12527331709861755,
    0.05981835722923279,
    0.7981570959091187,
    0.9672460556030273
   ],
   [
    0.13725543022155762,
    0.07215386629104614,
    0.8166813850402832,
    0.9663510918617249
   ],
   [
    0.13725543022155762,
    0.07215386629104614,
    0.8166813850402832,
    0.9663510918617249
   ],
   [
    0.737350583076477,
    0.7874335050582886,
    0.9307600259780884,
    0.9755984544754028
   ]
  ],
  "detection_scores": [
   0.2090447098016739,
   0.20538578927516937,
   0.17540176212787628,
   0.14736971259117126,
   0.12879759073257446
  ],
  "detection_class_entities": [
   "Ice cream",
   "Dairy",
   "Food",
   "Dessert",
   "Wheel"
  ],
  "image_size": [
   512,
   512
  ]
 }
}